Title,URL
Address – Part 1,http://www.bbc.co.uk/learningenglish/english/course/emw/unit-1/session-5
Market – Part 1,http://www.bbc.co.uk/learningenglish/english/course/emw/unit-1/session-4
Learning Circles Introduction and Session 1,http://www.bbc.co.uk/learningenglish/english/course/emw/unit-1/session-1
Dentist – Part 1,http://www.bbc.co.uk/learningenglish/english/course/emw/unit-1/session-2
Post office – Part 1,http://www.bbc.co.uk/learningenglish/english/course/emw/unit-1/session-6
Medicine – Part 1,http://www.bbc.co.uk/learningenglish/english/course/emw/unit-1/session-8
Bus – Part 1,http://www.bbc.co.uk/learningenglish/english/course/emw/unit-1/session-3
Shopping – Part 1,http://www.bbc.co.uk/learningenglish/english/course/emw/unit-1/session-9
Supermarket – Part 1,http://www.bbc.co.uk/learningenglish/english/course/emw/unit-1/session-10
Phone call – Part 1,http://www.bbc.co.uk/learningenglish/english/course/emw/unit-1/session-11
Ambulance – Part 1,http://www.bbc.co.uk/learningenglish/english/course/emw/unit-1/session-7
Getting to know each other,http://www.bbc.co.uk/learningenglish/english/course/lower-intermediate/unit-1/session-2
Welcome to BBC Learning English,http://www.bbc.co.uk/learningenglish/english/course/lower-intermediate/unit-1/session-1
Job interview – Part 1,http://www.bbc.co.uk/learningenglish/english/course/emw/unit-1/session-13
Writing interview questions,http://www.bbc.co.uk/learningenglish/english/course/lower-intermediate/unit-1/session-3
Speaking at work – Part 1,http://www.bbc.co.uk/learningenglish/english/course/emw/unit-1/session-14
"Dear Sir or Hey, folks?",http://www.bbc.co.uk/learningenglish/english/course/lower-intermediate/unit-1/session-4
6 Minute Vocabulary,http://www.bbc.co.uk/learningenglish/english/course/intermediate/unit-1/session-1
Welcome to Friday,http://www.bbc.co.uk/learningenglish/english/course/lower-intermediate/unit-1/session-5
Present Tenses Review,http://www.bbc.co.uk/learningenglish/english/course/intermediate/unit-1/session-2
Cake – Part 1,http://www.bbc.co.uk/learningenglish/english/course/emw/unit-1/session-12
The pop-up phenomenon,http://www.bbc.co.uk/learningenglish/english/course/intermediate/unit-1/session-3
Drama,http://www.bbc.co.uk/learningenglish/english/course/intermediate/unit-1/session-5
Haggling in English,http://www.bbc.co.uk/learningenglish/english/course/intermediate/unit-1/session-4
Challenge Finn: The third conditional,http://www.bbc.co.uk/learningenglish/english/course/upper-intermediate/unit-1/session-1
News Review,http://www.bbc.co.uk/learningenglish/english/course/upper-intermediate/unit-1/session-2
Lingohack,http://www.bbc.co.uk/learningenglish/english/course/upper-intermediate/unit-1/session-3
Stop saying...!,http://www.bbc.co.uk/learningenglish/english/course/upper-intermediate/unit-1/session-4
Drama: The White Elephant,http://www.bbc.co.uk/learningenglish/english/course/upper-intermediate/unit-1/session-5
BBC Masterclass,http://www.bbc.co.uk/learningenglish/english/course/towards-advanced/unit-1/session-1
News Review,http://www.bbc.co.uk/learningenglish/english/course/towards-advanced/unit-1/session-2
Lingohack,http://www.bbc.co.uk/learningenglish/english/course/towards-advanced/unit-1/session-3
Treasure Island part one - 6 uses of 'time',http://www.bbc.co.uk/learningenglish/english/course/towards-advanced/unit-1/session-4
About Shakespeare Speaks,http://www.bbc.co.uk/learningenglish/english/course/shakespeare/unit-1/session-2
The Teachers' Room,http://www.bbc.co.uk/learningenglish/english/course/english-you-need/unit-1/session-4
Trinculo is in a pickle,http://www.bbc.co.uk/learningenglish/english/course/shakespeare/unit-1/session-1
Learners' Questions ,http://www.bbc.co.uk/learningenglish/english/course/english-you-need/unit-1/session-5
Exam skills: 6 top tips for revising,http://www.bbc.co.uk/learningenglish/english/course/english-you-need/unit-1/session-1
Pronunciation in the News,http://www.bbc.co.uk/learningenglish/english/course/english-you-need/unit-1/session-3
News Review,http://www.bbc.co.uk/learningenglish/english/course/english-you-need/unit-1/session-2
As dead as a doornail,http://www.bbc.co.uk/learningenglish/english/course/shakespeare/unit-1/session-3
I'll send him packing,http://www.bbc.co.uk/learningenglish/english/course/shakespeare/unit-1/session-4
Wild goose chase - Love is in the air!,http://www.bbc.co.uk/learningenglish/english/course/shakespeare/unit-1/session-8
"Gold, silver or lead?",http://www.bbc.co.uk/learningenglish/english/course/shakespeare/unit-1/session-5
What's going on?!,http://www.bbc.co.uk/learningenglish/english/course/shakespeare/unit-1/session-6
Tim's Pronunciation Workshop: Assimilation of /t/ and /p/,http://www.bbc.co.uk/learningenglish/english/course/towards-advanced/unit-1/session-5
What's done is done - get over it!,http://www.bbc.co.uk/learningenglish/english/course/shakespeare/unit-1/session-9
"Though this be madness, yet there is method in't!",http://www.bbc.co.uk/learningenglish/english/course/shakespeare/unit-1/session-7
Queen Elizabeth's treasure,http://www.bbc.co.uk/learningenglish/english/course/shakespeare/unit-1/session-10
Who's who?,http://www.bbc.co.uk/learningenglish/english/course/shakespeare/unit-1/session-15
"To the tower, or not to the tower...",http://www.bbc.co.uk/learningenglish/english/course/shakespeare/unit-1/session-12
Trinculo is in a pickle,http://www.bbc.co.uk/learningenglish/english/course/shakespeare/unit-1/session-14
What's in a name?,http://www.bbc.co.uk/learningenglish/english/course/shakespeare/unit-1/session-11
What's up with Thomas?,http://www.bbc.co.uk/learningenglish/english/course/shakespeare/unit-1/session-13
Not budge an inch,http://www.bbc.co.uk/learningenglish/english/course/shakespeare/unit-1/session-19
Greek to me,http://www.bbc.co.uk/learningenglish/english/course/shakespeare/unit-1/session-22
"To listen or not to listen, that is the question",http://www.bbc.co.uk/learningenglish/english/course/shakespeare/unit-1/session-20
The whole world can see how you feel!,http://www.bbc.co.uk/learningenglish/english/course/shakespeare/unit-1/session-21
A fool's paradise,http://www.bbc.co.uk/learningenglish/english/course/shakespeare/unit-1/session-18
A pound of flesh,http://www.bbc.co.uk/learningenglish/english/course/shakespeare/unit-1/session-17
Lesson plans for teachers,http://www.bbc.co.uk/learningenglish/english/course/shakespeare/unit-1/session-23
Ssshhhh... Mum's the word!,http://www.bbc.co.uk/learningenglish/english/course/shakespeare/unit-1/session-16
The Shakespeare review quiz,http://www.bbc.co.uk/learningenglish/english/course/shakespeare/unit-1/session-24
